split,rows,stroke_0,stroke_1,stroke_1_percent,bmi_missing
train,3066,2917,149,4.8597521200260925,139
validation,1022,972,50,4.892367906066536,31
test,1022,972,50,4.892367906066536,31
